CREATE DATABASE BTLWebAPI

USE BTLWebAPI


CREATE TABLE CaiDats(
    Id INT IDENTITY(1,1) NOT NULL PRIMARY KEY,
    Logo NVARCHAR(MAX),
    GioLamViec NVARCHAR(50),
    GiaoHang NVARCHAR(50),
    HoanTien NVARCHAR(50),
    SDTLienHe NVARCHAR(50),
    EmailLienHe NVARCHAR(50),
    FaceBook NVARCHAR(MAX),
    GooglePlus NVARCHAR(MAX),
	Twiter NVARCHAR(MAX),
    YouTube NVARCHAR(MAX),
    Instargram NVARCHAR(MAX),
    GoogleMap NVARCHAR(MAX),
    MatKhauMail NVARCHAR(50)
);


CREATE TABLE QuangCaos(
    Id INT IDENTITY(1,1) NOT NULL PRIMARY KEY,
    AnhDaiDien NVARCHAR(MAX),
    LinkQuangCao NVARCHAR(MAX),
    MoTa NVARCHAR(MAX)
);

CREATE TABLE LoaiTaiKhoans(
    MaLoai INT IDENTITY(1,1) NOT NULL PRIMARY KEY,
    TenLoai NVARCHAR(50),
    MoTa NVARCHAR(250)
);

CREATE TABLE TaiKhoans(
    MaTaiKhoan INT IDENTITY(1,1) NOT NULL PRIMARY KEY,
    TenTaiKhoan NVARCHAR(50),
    MatKhau NVARCHAR(50),
    Email NVARCHAR(150)
);

CREATE TABLE ChiTietTaiKhoans(
    MaChitietTaiKhoan INT IDENTITY(1,1) NOT NULL PRIMARY KEY,
    MaTaiKhoan INT foreign key (MaTaiKhoan) references TaiKhoans(MaTaiKhoan) on delete cascade on update cascade,
	MaLoai INT foreign key (MaLoai) references LoaiTaiKhoans(MaLoai) on delete cascade on update cascade,
    HoTen NVARCHAR(50),
    DiaChi NVARCHAR(250),
    SoDienThoai NVARCHAR(11),
    AnhDaiDien NVARCHAR(MAX)
);



CREATE TABLE DanhMucUudais(
    Madanhmucuudai INT IDENTITY(1,1) NOT NULL PRIMARY KEY,
    Tendanhmucuudai NVARCHAR(250),
    DacBiet BIT,
    NoiDung NVARCHAR(MAX)
);


CREATE TABLE DanhMucs(
    MaDanhMuc INT IDENTITY(1,1) NOT NULL PRIMARY KEY,
    TenDanhMuc NVARCHAR(50),
    DacBiet BIT,
    NoiDung NVARCHAR(MAX)
);


CREATE TABLE SanPhams(
    MaSanPham INT IDENTITY(1,1) NOT NULL PRIMARY KEY,
    MaDanhMuc INT foreign key (MaDanhMuc) references DanhMucs(MaDanhMuc) on delete cascade on update cascade,
    Madanhmucuudai INT foreign key (Madanhmucuudai) references DanhMucUudais(Madanhmucuudai) on delete cascade on update cascade,
    TenSanPham NVARCHAR(150),
    AnhDaiDien NVARCHAR(MAX),
    Gia DECIMAL(18, 0),
    GiaGiam DECIMAL(18, 0) DEFAULT 0,
    SoLuong INT,
	TrongLuong nvarchar(100),
    TrangThai BIT DEFAULT 0,
    LuotXem INT DEFAULT 0
);


CREATE TABLE AnhSanPhams(
	Id INT IDENTITY(1,1) NOT NULL PRIMARY KEY,
	MaSanPham INT foreign key (MaSanPham) references SanPhams(MaSanPham) on delete cascade on update cascade,
	LinkAnh NVARCHAR(MAX)
)


CREATE TABLE SlideDetail(
    MaAnh INT IDENTITY(1,1) NOT NULL PRIMARY KEY,
    TieuDe NVARCHAR(MAX),
    MoTa NVARCHAR(MAX),
    LinkAnh NVARCHAR(MAX)
);

CREATE TABLE HoaDons(
    MaHoaDon INT IDENTITY(1,1) NOT NULL PRIMARY KEY,
    TrangThai BIT DEFAULT 0,
    NgayTao DATETIME,
    NgayDuyet DATETIME,
    TongGia DECIMAL(18, 0),
    TenKH NVARCHAR(50),
    GioiTinh BIT ,
    Diachi NVARCHAR(250),
    Email NVARCHAR(50),
    SDT NVARCHAR(50),
    DiaChiGiaoHang NVARCHAR(350),
    ThoiGianGiaoHang DATETIME
);


CREATE TABLE ChiTietHoaDons(
    MaChiTietHoaDon INT IDENTITY(1,1) NOT NULL PRIMARY KEY,
    MaHoaDon INT foreign key (MaHoaDon) references HoaDons(MaHoaDon) on delete cascade on update cascade,
    MaSanPham INT foreign key (MaSanPham) references SanPhams(MaSanPham) on delete cascade on update cascade,
    SoLuong INT,
    TongGia DECIMAL(18, 0)
);


CREATE TABLE HangSanXuats(
    MaNhaSanXuat INT IDENTITY(1,1) NOT NULL PRIMARY KEY,
    TenHang NVARCHAR(50),
    LinkWeb NVARCHAR(MAX),
    AnhDaiDien NVARCHAR(MAX)
);

CREATE TABLE ChiTietSanPhams(
    MaChiTietSanPham INT IDENTITY(1,1) NOT NULL PRIMARY KEY,
    MaSanPham INT foreign key (MaSanPham) references SanPhams(MaSanPham) on delete cascade on update cascade,
    MaNhaSanXuat INT foreign key (MaNhaSanXuat) references HangSanXuats(MaNhaSanXuat) on delete cascade on update cascade,
    MoTa NVARCHAR(350) ,
    ChiTiet NVARCHAR(MAX)
);


CREATE TABLE NhaPhanPhois(
    MaNhaPhanPhoi INT IDENTITY(1,1) NOT NULL PRIMARY KEY,
    TenNhaPhanPhoi NVARCHAR(250),
    DiaChi NVARCHAR(MAX),
    SoDienThoai NVARCHAR(50),
    Fax NVARCHAR(50),
    MoTa NVARCHAR(MAX)
);

CREATE TABLE SanPhams_NhaPhanPhois(
    MaSanPham INT NOT NULL foreign key (MaSanPham) references SanPhams(MaSanPham) on delete cascade on update cascade,
    MaNhaPhanPhoi INT NOT NULL foreign key (MaNhaPhanPhoi) references NhaPhanPhois(MaNhaPhanPhoi) on delete cascade on update cascade
);

CREATE TABLE HoaDonNhaps(
	MaHoaDon INT IDENTITY(1,1) NOT NULL PRIMARY KEY,
    MaNhaPhanPhoi INT foreign key (MaNhaPhanPhoi) references NhaPhanPhois(MaNhaPhanPhoi) on delete cascade on update cascade,
    NgayTao DATETIME,
    KieuThanhToan NVARCHAR(MAX),
    MaTaiKhoan INT foreign key (MaTaiKhoan) references TaiKhoans(MaTaiKhoan) on delete cascade on update cascade
);

CREATE TABLE ChiTietHoaDonNhaps(
    Id INT IDENTITY(1,1) NOT NULL PRIMARY KEY,
    MaHoaDon INT foreign key (MaHoaDon) references HoaDonNhaps(MaHoaDon) on delete cascade on update cascade,
    MaSanPham INT foreign key (MaSanPham) references SanPhams(MaSanPham) on delete cascade on update cascade,
    SoLuong INT,
    DonViTinh NVARCHAR(50),
    GiaNhap DECIMAL(18, 0),
    TongTien DECIMAL(18, 0)
);


INSERT INTO CaiDats (Logo, GioLamViec, GiaoHang, HoanTien, SDTLienHe, EmailLienHe, FaceBook, GooglePlus, Twiter, YouTube, Instargram, GoogleMap, MatKhauMail)
VALUES 
('logo1.jpg', '8h', N'Giao hàng nhanh', N'Chính sách hoàn tiền', '0987654321', 'contact@example.com', 'facebook.com/page1', NULL, NULL, NULL,NULL, 'google.com/maps', 'password1'),
('logo2.jpg', '8h', N'Giao hàng nhanh', N'Chính sách hoàn tiền', '0123456789', 'info@example.com', 'facebook.com/page2', NULL, NULL, NULL,NULL, 'google.com/maps', 'password2'),
('logo3.jpg', '8h', N'Giao hàng nhanh', N'Chính sách hoàn tiền', '0123456789', 'info@example.com', 'facebook.com/page3', NULL, NULL, NULL,NULL, 'google.com/maps', 'password3'),
('logo4.jpg', '8h', N'Giao hàng nhanh', N'Chính sách hoàn tiền', '0123456789', 'info@example.com', 'facebook.com/page4', NULL, NULL, NULL,NULL, 'google.com/maps', 'password4'),
('logo5.jpg', '8h', N'Giao hàng nhanh', N'Chính sách hoàn tiền', '0123456789', 'info@example.com', 'facebook.com/page5', NULL, NULL, NULL,NULL, 'google.com/maps', 'password5'),
('logo6.jpg', '8h', N'Giao hàng nhanh', N'Chính sách hoàn tiền', '0123456789', 'info@example.com', 'facebook.com/page6', NULL, NULL, NULL,NULL, 'google.com/maps', 'password6')

INSERT INTO QuangCaos (AnhDaiDien, LinkQuangCao, MoTa)
VALUES 
('quangcao1.jpg', 'link1.com', N'Mô tả quảng cáo 1'),
('quangcao2.jpg', 'link2.com', N'Mô tả quảng cáo 2'),
('quangcao3.jpg', 'link3.com', N'Mô tả quảng cáo 3'),
('quangcao4.jpg', 'link4.com', N'Mô tả quảng cáo 4'),
('quangcao5.jpg', 'link5.com', N'Mô tả quảng cáo 5')

INSERT INTO LoaiTaiKhoans (TenLoai, MoTa)
VALUES 
('Admin', N'Tài khoản quản trị hệ thống'),
('KhachHang', N'Tài khoản người dùng thông thường'),
('KhachHang', N'Tài khoản người dùng thông thường'),
('KhachHang', N'Tài khoản người dùng thông thường'),
('KhachHang', N'Tài khoản người dùng thông thường')


INSERT INTO TaiKhoans (TenTaiKhoan, MatKhau, Email)
VALUES 
( 'admin1', '1', 'admin1@example.com'),
( 'user1', '1', 'user1@example.com'),
( 'user2', '1', 'user1@example.com'),
('user3', '1', 'user1@example.com'),
( 'user4', '1', 'user1@example.com')


INSERT INTO ChiTietTaiKhoans (MaTaiKhoan,MaLoai, HoTen, DiaChi, SoDienThoai, AnhDaiDien)
VALUES 
(1,1, 'Admin 1', N'123 Đường Admin, Quận 1, TP.HCM', '0987654321', 'admin1.jpg'),
(2,2, 'User 1', N'456 Đường User, Quận 2, TP.HCM', '0123456789', 'user1.jpg'),
(3,3, 'User 2', N'456 Đường User, Quận 2, TP.HCM', '0123456789', 'user1.jpg'),
(4,4, 'User 3', N'456 Đường User, Quận 2, TP.HCM', '0123456789', 'user1.jpg'),
(5,5, 'User 4', N'456 Đường User, Quận 2, TP.HCM', '0123456789', 'user1.jpg')

INSERT INTO DanhMucUudais ( Tendanhmucuudai,DacBiet,NoiDung)
VALUES 
( N'FlagSale',null,null),
( N'Mục ưu thích',null,null),
( N'Bán chạy',null,null)


INSERT INTO DanhMucs(TenDanhMuc, DacBiet, NoiDung)
VALUES 
( N'Áo', 1, N'Nội dung chuyên mục 1'),
( N'Quần', 0, N'Nội dung chuyên mục 2'),
( N'Giày', 0, N'Nội dung chuyên mục 2'),
( N'Túi xách', 0, N'Nội dung chuyên mục 2'),
( N'Balo', 0, N'Nội dung chuyên mục 2')


INSERT INTO SanPhams (MaDanhMuc, Madanhmucuudai, TenSanPham, AnhDaiDien, Gia, GiaGiam, SoLuong, TrangThai, LuotXem)
VALUES 
(1, 1, N'Sản phẩm 1', 'product1.jpg', 100000, 0, 50, 1, 0),
(2, 2, N'Sản phẩm 2', 'product2.jpg', 150000, 20000, 30, 1, 0),
(3, 3, N'Sản phẩm 2', 'product2.jpg', 150000, 20000, 30, 1, 1),
(4, 3, N'Sản phẩm 2', 'product2.jpg', 150000, 20000, 30, 1, 1),
(5, 3, N'Sản phẩm 2', 'product2.jpg', 150000, 20000, 30, 1, 0)


INSERT INTO AnhSanPhams(MaSanPham, LinkAnh)
VALUES 
(1,'document/product1.jpg' ),
(2,'document/product2.jpg' ),
(3,'document/product3.jpg' ),
(4,'document/product4.jpg' ),
(5,'document/product5.jpg' )



INSERT INTO SlideDetail (TieuDe, MoTa, LinkAnh)
VALUES 
(N'Tiêu đề 1', N'Mô tả 1', 'image1.jpg'),
(N'Tiêu đề 2', N'Mô tả 2', 'image2.jpg'),
(N'Tiêu đề 3', N'Mô tả 3', 'image3.jpg'),
(N'Tiêu đề 4', N'Mô tả 4', 'image4.jpg'),
(N'Tiêu đề 5', N'Mô tả 5', 'image5.jpg')


INSERT INTO HoaDons (TrangThai, NgayTao, NgayDuyet, TongGia, TenKH, GioiTinh, Diachi, Email, SDT, DiaChiGiaoHang, ThoiGianGiaoHang)
VALUES 
(0, '2023-09-10 10:00:00', NULL, 250000, N'Nguyễn Văn A', 1, N'123 Đường ABC, Quận 1, TP.HCM', 'nguyenvana@example.com', '0987654321', N'123 Đường XYZ, Quận 2, TP.HCM', '2023-09-12 14:00:00'),
(1, '2023-09-11 11:00:00', '2023-09-11 12:00:00', 350000, N'Trần Thị B', 0, N'456 Đường XYZ, Quận 2, TP.HCM', 'tranthib@example.com', '0123456789', N'456 Đường ABC, Quận 1, TP.HCM', '2023-09-13 15:00:00'),
(0, '2023-09-11 11:00:00', '2023-09-11 12:00:00', 350000, N'Trần Thị B', 0, N'456 Đường XYZ, Quận 2, TP.HCM', 'tranthib@example.com', '0123456789', N'456 Đường ABC, Quận 2, TP.HCM', '2023-09-13 15:00:00'),
(1, '2023-09-11 11:00:00', '2023-09-11 12:00:00', 350000, N'Trần Thị B', 0, N'456 Đường XYZ, Quận 2, TP.HCM', 'tranthib@example.com', '0123456789', N'456 Đường ABC, Quận 3, TP.HCM', '2023-09-13 15:00:00'),
(0, '2023-09-11 11:00:00', '2023-09-11 12:00:00', 350000, N'Trần Thị B', 0, N'456 Đường XYZ, Quận 2, TP.HCM', 'tranthib@example.com', '0123456789', N'456 Đường ABC, Quận 4, TP.HCM', '2023-09-13 15:00:00')


INSERT INTO ChiTietHoaDons (MaHoaDon, MaSanPham, SoLuong, TongGia)
VALUES 
(1, 1, 2, 200000),
(1, 2, 1, 50000),
(2, 2, 1, 70000),
(3, 2, 1, 90000),
(3, 2, 1, 40000)


INSERT INTO HangSanXuats (TenHang, LinkWeb, AnhDaiDien)
VALUES 
(N'Nhà sản xuất 1', 'manufacturer1.com', 'manufacturer1.jpg'),
(N'Nhà sản xuất 2', 'manufacturer2.com', 'manufacturer2.jpg'),
(N'Nhà sản xuất 3', 'manufacturer3.com', 'manufacturer3.jpg'),
(N'Nhà sản xuất 4', 'manufacturer4.com', 'manufacturer4.jpg'),
(N'Nhà sản xuất 5', 'manufacturer5.com', 'manufacturer5.jpg')


INSERT INTO ChiTietSanPhams (MaSanPham, MaNhaSanXuat, MoTa, ChiTiet)
VALUES 
(1, 1, N'Mô tả sản phẩm 1', N'Chi tiết sản phẩm 1'),
(2, 2, N'Mô tả sản phẩm 2', N'Chi tiết sản phẩm 2'),
(3, 2, N'Mô tả sản phẩm 3', N'Chi tiết sản phẩm 3'),
(4, 2, N'Mô tả sản phẩm 4', N'Chi tiết sản phẩm 4'),
(5, 2, N'Mô tả sản phẩm 5', N'Chi tiết sản phẩm 5')


INSERT INTO NhaPhanPhois (TenNhaPhanPhoi, DiaChi, SoDienThoai, Fax, MoTa)
VALUES 
(N'Nhà phân phối 1', N'123 Đường PPP, Quận 1, TP.HCM', '0987654321', '12345', N'Mô tả nhà phân phối 1'),
(N'Nhà phân phối 2', N'456 Đường PPP, Quận 2, TP.HCM', '0123456789', '67890', N'Mô tả nhà phân phối 2'),
(N'Nhà phân phối 3', N'456 Đường PPP, Quận 3, TP.HCM', '0123456789', '67890', N'Mô tả nhà phân phối 3'),
(N'Nhà phân phối 4', N'456 Đường PPP, Quận 4, TP.HCM', '0123456789', '67890', N'Mô tả nhà phân phối 4'),
(N'Nhà phân phối 5', N'456 Đường PPP, Quận 5, TP.HCM', '0123456789', '67890', N'Mô tả nhà phân phối 5')


INSERT INTO SanPhams_NhaPhanPhois (MaSanPham, MaNhaPhanPhoi)
VALUES 
(1, 1),
(2, 2),
(3, 3),
(4, 4),
(5, 5)


INSERT INTO HoaDonNhaps (MaNhaPhanPhoi, NgayTao, KieuThanhToan, MaTaiKhoan)
VALUES 
(1, '2023-09-10 10:00:00', N'Thanh toán trực tiếp', 1),
(2, '2023-09-11 11:00:00', N'Thanh toán qua ngân hàng', 2),
(3, '2023-09-11 11:00:00', N'Thanh toán qua ngân hàng', 3),
(4, '2023-09-11 11:00:00', N'Thanh toán qua ngân hàng', 4),
(5, '2023-09-11 11:00:00', N'Thanh toán qua ngân hàng', 5)


INSERT INTO ChiTietHoaDonNhaps (MaHoaDon, MaSanPham, SoLuong, DonViTinh, GiaNhap, TongTien)
VALUES 
(1, 1, 100, N'Hộp', 5000, 500000),
(1, 2, 50, N'Cái', 3000, 150000),
(2, 2, 50, N'Cái', 3000, 150000),
(2, 2, 50, N'Cái', 3000, 150000),
(2, 2, 50, N'Cái', 3000, 150000)

-------------------------------------------------------------- PROCEDURE--------------------------------------------------------
---- QUẢNG CÁO

create proc sp_get_all_quang_cao
as
begin
	select *from QuangCaos
end


create proc sp_themquangcao(
@AnhDaiDien nvarchar(max),
@LinkQuangCao nvarchar(max),
@MoTa nvarchar(max))
as
begin
	insert into QuangCaos(AnhDaiDien,LinkQuangCao,MoTa)
	values (@AnhDaiDien,@LinkQuangCao,@MoTa)
end


create proc sp_suaquangcao(@Id int,@AnhDaiDien nvarchar(max),
@LinkQuangCao nvarchar(max),
@MoTa nvarchar(max))
as
begin
	update QuangCaos
	set AnhDaiDien = @AnhDaiDien,LinkQuangCao = @LinkQuangCao,MoTa = @MoTa
	where Id = @Id 
end


create proc sp_xoaquangcao(@Id int)
as
begin
	delete from QuangCaos where Id = @Id
end


create PROCEDURE sp_quang_cao_search (@page_index  INT, 
                                       @page_size   INT,
									   @MoTa  Nvarchar(max))
AS
    BEGIN
        DECLARE @RecordCount BIGINT;
        IF(@page_size <> 0)
            BEGIN
                SET NOCOUNT ON;
                        SELECT(ROW_NUMBER() OVER(
                              ORDER BY K.Id DESC)) AS RowNumber, 
                              K.Id, 
                              K.AnhDaiDien,
							  K.LinkQuangCao,
							  K.MoTa
                        INTO #Results1
                        FROM QuangCaos AS K
					    WHERE (@MoTa = '' or k.MoTa like N'%'+@MoTa +'%');
                        SELECT @RecordCount = COUNT(*)
                        FROM #Results1;
                        SELECT *, 
                               @RecordCount AS RecordCount
                        FROM #Results1
                        WHERE ROWNUMBER BETWEEN(@page_index - 1) * @page_size + 1 AND(((@page_index - 1) * @page_size + 1) + @page_size) - 1
                              OR @page_index = -1;
                        DROP TABLE #Results1; 
            END;
            ELSE
            BEGIN
                SET NOCOUNT ON;
                        SELECT(ROW_NUMBER() OVER(
                              ORDER BY K.Id DESC)) AS RowNumber, 
                              K.Id, 
                              K.AnhDaiDien,
							  K.LinkQuangCao,
							  K.MoTa
                        INTO #Results2
                        FROM QuangCaos AS K
					    WHERE (@MoTa = '' or k.MoTa like N'%'+@MoTa+'%');
                        SELECT @RecordCount = COUNT(*)
                        FROM #Results2;
                        SELECT *, 
                               @RecordCount AS RecordCount
                        FROM #Results2
                        DROP TABLE #Results2; 
        END;
    END;
-----------------------------------------------------------------------------------------------
---- SLIDE
create proc sp_get_all_slide_detail
as
begin
	select*from SlideDetail
end


create proc sp_them_slide(
@TieuDe nvarchar(max),
@MoTa nvarchar(max),
@LinkAnh nvarchar(max))
as
begin
	insert into SlideDetail(TieuDe,MoTa,LinkAnh)
	values (@TieuDe,@MoTa,@LinkAnh)
end


create proc sp_suaslide(@MaAnh int,@TieuDe nvarchar(max),
@MoTa nvarchar(max),
@LinkAnh nvarchar(max))
as
begin
	update SlideDetail
	set TieuDe = @TieuDe,MoTa = @MoTa,LinkAnh = @LinkAnh
	where MaAnh = @MaAnh 
end


create proc sp_xoaslide(@MaAnh int)
as
begin
	delete from SlideDetail where MaAnh = @MaAnh 
end


create proc sp_searchslide(@page_index  INT, 
                                       @page_size   INT,
									   @TieuDe nvarchar(MAX))
AS
    BEGIN
        DECLARE @RecordCount BIGINT;
        IF(@page_size <> 0)
            BEGIN
                SET NOCOUNT ON;
                        SELECT(ROW_NUMBER() OVER(
                              ORDER BY a.MaAnh DESC)) AS RowNumber, 
                              a.*
                        INTO #Temp1
                        FROM SlideDetail as a
					    WHERE (@TieuDe = '' or a.TieuDe like '%'+@TieuDe +'%')
						
                        SELECT @RecordCount = COUNT(*)
                        FROM #Temp1;
                        SELECT *, 
                               @RecordCount AS RecordCount
                        FROM #Temp1
                        WHERE ROWNUMBER BETWEEN(@page_index - 1) * @page_size + 1 AND(((@page_index - 1) * @page_size + 1) + @page_size) - 1
                              OR @page_index = -1;
                        DROP TABLE #Temp1; 
            END;
            ELSE
            BEGIN
                SET NOCOUNT ON;
                        SELECT(ROW_NUMBER() OVER(
                              ORDER BY a.MaAnh DESC)) AS RowNumber, 
                              a.*
                        INTO #Temp2
                        FROM SlideDetail as a
					    WHERE (@TieuDe = '' or a.TieuDe like '%'+@TieuDe +'%')
						
                        SELECT @RecordCount = COUNT(*)
                        FROM #Temp2;
                        SELECT *, 
                               @RecordCount AS RecordCount
                        FROM #Temp2
                        DROP TABLE #Temp2; 
        END;
    END;
---------------------------------------------------------------------------------------------------
---- LOẠI TÀI KHOẢN
create proc sp_get_all_loaitaikhoan
as
begin
	select*from LoaiTaiKhoans
	order by MaLoai DESC
end


create proc sp_them_loaitaikhoan(@TenLoai nvarchar(50),@MoTa nvarchar(250))
as
begin
	insert into LoaiTaiKhoans(TenLoai,MoTa)
	values(@TenLoai,@MoTa)
end


create proc sp_sua_loaitaikhoan(@MaLoaitaikhoan int,@TenLoai nvarchar(50),@MoTa nvarchar(250))
as
begin
	update LoaiTaiKhoans
	set TenLoai = @TenLoai, MoTa=@MoTa
	where MaLoai = @MaLoaitaikhoan
end


create proc sp_xoa_loaitaikhoan(@MaLoaitaikhoan int)
as
begin
	delete from LoaiTaiKhoans
	where MaLoai = @MaLoaitaikhoan
end

---------------------------------------------------------------------------------------
---- TÀI KHOẢN
create proc sp_create_taikhoan(
@TenTaiKhoan nvarchar(50),
@MatKhau nvarchar(50),
@Email nvarchar(150),
@list_json_chitiet_taikhoan NVARCHAR(MAX)
)
as
BEGIN
		DECLARE @MaTaiKhoan INT;
		DECLARE @MaLoaiTaiKhoan INT;
		DECLARE @USER int
		Set @USER = (SELECT COUNT(TenTaiKhoan) from TaiKhoans where TenTaiKhoan =@TenTaiKhoan)
        if(@USER=0)
		BEGIN
			INSERT INTO TaiKhoans
					(TenTaiKhoan, 
					 MatKhau, 
					 Email               
					)
					VALUES
					(@TenTaiKhoan, 
					 @MatKhau, 
					 @Email
					);

					SET @MaTaiKhoan = (SELECT SCOPE_IDENTITY());
					IF(@list_json_chitiet_taikhoan IS NOT NULL)
						BEGIN
							INSERT INTO ChiTietTaiKhoans
							 (MaTaiKhoan,
							 MaLoai,
							 HoTen,
							 DiaChi,
							 SoDienThoai,
							 AnhDaiDien)
						SELECT	@MaTaiKhoan,
								JSON_VALUE(y.value, '$.maLoaitaikhoan') ,
								JSON_VALUE(y.value, '$.hoTen') ,
								JSON_VALUE(y.value, '$.diaChi') ,
								JSON_VALUE(y.value, '$.soDienThoai') ,
								JSON_VALUE(y.value, '$.anhDaiDien') 
						FROM OPENJSON(@list_json_chitiet_taikhoan) AS y;
						END;
			END


        SELECT '';
    END;


create proc sp_update_taikhoan(
@MaTaiKhoan int,
@Email nvarchar(150),
@list_json_chitiet_taikhoan NVARCHAR(MAX)
)
as
BEGIN
		BEGIN
			Update TaiKhoans
			Set Email =@Email
			WHERE MaTaiKhoan = @MaTaiKhoan
					IF(@list_json_chitiet_taikhoan IS NOT NULL)
						BEGIN
							SELECT JSON_VALUE(p.value, '$.maChitietTaiKhoan') as maChitietTaiKhoan,
								JSON_VALUE(p.value, '$.maTaiKhoan') as maTaiKhoan,
								JSON_VALUE(p.value, '$.maLoaitaikhoan') as maLoaitaikhoan,
								JSON_VALUE(p.value, '$.hoTen') as hoTen,
								JSON_VALUE(p.value, '$.diaChi') as diaChi, 
								JSON_VALUE(p.value, '$.soDienThoai') as soDienThoai,
								JSON_VALUE(p.value, '$.anhDaiDien') as anhDaiDien,
								JSON_VALUE(p.value, '$.status') as status
								INTO #Result
							FROM OPENJSON(@list_json_chitiet_taikhoan) AS p;

							--insert status =1
							Insert into ChiTietTaiKhoans(MaTaiKhoan,MaLoai,HoTen,DiaChi,SoDienThoai,AnhDaiDien)
							select @MaTaiKhoan,
									#Result.maLoaitaikhoan,
									#Result.hoTen,
									#Result.diaChi,
									#Result.soDienThoai,
									#Result.anhDaiDien
							from #Result
							where #Result.status = 1

							--update status =2 
							Update ChiTietTaiKhoans
							set MaLoai = #Result.maLoaitaikhoan,
								HoTen = #Result.hoTen,
								DiaChi = #Result.diaChi,
								SoDienThoai = #Result.soDienThoai,
								AnhDaiDien = #Result.anhDaiDien
							from #Result
							where ChiTietTaiKhoans.MaChitietTaiKhoan=#Result.maChitietTaiKhoan and #Result.status = '2'

							--delete status =3
							delete c 
							from ChiTietTaiKhoans c
							inner join #Result r on c.maChitietTaiKhoan = r.maChitietTaiKhoan
							where r.status = '3'
							drop table #Result

						END;
			END


        SELECT '';
    END;

EXEC sp_update_taikhoan
   @MaTaiKhoan = 5,
   @MatKhau = 'thang2003',
   @Email = 'thangnguyen@gmail.com',
   @list_json_chitiet_taikhoan = N'[{"hoTen": "Nguyễn Hữu Thắng",
									"diaChi":"Hưng Yên",
									"soDienThoai":"0123456789",
									"anhDaiDien":"aaa"}]'


create proc sp_doimk_taikhoan(@TenTaiKhoan nvarchar(50),@MatKhau nvarchar(50))
as
begin
	update TaiKhoans
	set MatKhau = @MatKhau
	where TenTaiKhoan = @TenTaiKhoan
end

create proc sp_xoa_taikhoan(@MaTaiKhoan int)
as
begin
	delete from TaiKhoans
	where MaTaiKhoan = @MaTaiKhoan
end

create proc sp_taikhoan_search(@page_index  INT, 
                                       @page_size   INT,
									   @TenTaiKhoan nvarchar(50),
									   @Email nvarchar(150),
									   @HoTen nvarchar(50),
									   @SoDienThoai nvarchar(11))
AS
    BEGIN
        DECLARE @RecordCount BIGINT;
        IF(@page_size <> 0)
            BEGIN
                SET NOCOUNT ON;
                        SELECT(ROW_NUMBER() OVER(
                              ORDER BY s.MaTaiKhoan DESC)) AS RowNumber, 
                              s.TenTaiKhoan,
							  s.Email,
							  h.TenLoai,
							  c.HoTen,
							  c.SoDienThoai,
							  h.MaLoai,
							  c.AnhDaiDien
                        INTO #Temp1
                        FROM TaiKhoans AS s
						inner join ChiTietTaiKhoans c on c.MaTaiKhoan = s.MaTaiKhoan
						inner join LoaiTaiKhoans h on h.MaLoai = c.MaLoai

					    WHERE (@TenTaiKhoan = '' or s.TenTaiKhoan like '%'+@TenTaiKhoan +'%')
						and (@Email = '' or s.Email like '%'+@Email +'%')
						and (@HoTen = '' or c.HoTen like '%'+@HoTen +'%')
						and (@SoDienThoai = '' or c.SoDienThoai like '%'+@SoDienThoai +'%')
						
                        SELECT @RecordCount = COUNT(*)
                        FROM #Temp1;
                        SELECT *, 
                               @RecordCount AS RecordCount
                        FROM #Temp1
                        WHERE ROWNUMBER BETWEEN(@page_index - 1) * @page_size + 1 AND(((@page_index - 1) * @page_size + 1) + @page_size) - 1
                              OR @page_index = -1;
                        DROP TABLE #Temp1; 
            END;
            ELSE
            BEGIN
                SET NOCOUNT ON;
                        SELECT(ROW_NUMBER() OVER(
                              ORDER BY s.MaTaiKhoan DESC)) AS RowNumber, 
                              s.TenTaiKhoan,
							  s.Email,
							  h.TenLoai,
							  c.HoTen,
							  c.SoDienThoai
                        INTO #Temp2
                        FROM TaiKhoans AS s
						inner join ChiTietTaiKhoans c on c.MaTaiKhoan = s.MaTaiKhoan
						inner join LoaiTaiKhoans h on h.MaLoai = c.MaLoai

					    WHERE (@TenTaiKhoan = '' or s.TenTaiKhoan like '%'+@TenTaiKhoan +'%')
						and (@Email = '' or s.Email like '%'+@Email +'%')
						and (@HoTen = '' or c.HoTen like '%'+@HoTen +'%')
						and (@SoDienThoai = '' or c.SoDienThoai like '%'+@SoDienThoai +'%')

                        SELECT @RecordCount = COUNT(*)
                        FROM #Temp2;
                        SELECT *, 
                               @RecordCount AS RecordCount
                        FROM #Temp2
                        DROP TABLE #Temp2; 
        END;
    END;

-------------------------------------------------------------------------------------------------
---- LOGIN

create PROCEDURE sp_login(@taikhoan nvarchar(50), @matkhau nvarchar(50))
AS
    BEGIN
      SELECT  *
      FROM TaiKhoans t 
	  inner join ChiTietTaiKhoans c on c.MaTaiKhoan = t.MaTaiKhoan
	  inner join LoaiTaiKhoans l on l.MaLoai = c.MaLoai
      where TenTaiKhoan= @taikhoan and MatKhau = @matkhau;
    END;

-------------------------------------------------------------------------------------------------
---- DANH MỤC ƯU ĐÃI

create proc sp_get_all_danhmucuudai
as
begin
	select*from DanhMucUudais
end

create proc sp_them_danhmucuudai(
@Tendanhmucuudai nvarchar(250),@Dacbiet bit,@NoiDung nvarchar(MAX))
as
begin
	insert into DanhMucUudais(Tendanhmucuudai,DacBiet,NoiDung)
	values(@Tendanhmucuudai,@Dacbiet,@NoiDung)
end


create proc sp_sua_danhmucuudai(@Madanhmucuudai int,
@Tendanhmucuudai nvarchar(250),@Dacbiet bit,@NoiDung nvarchar(MAX))
as
begin
	update DanhMucUudais
	set Tendanhmucuudai = @Tendanhmucuudai, DacBiet = @Dacbiet, NoiDung = @NoiDung
	where Madanhmucuudai = @Madanhmucuudai
end


create proc sp_xoa_danhmucuudai(@Madanhmucuudai int)
as
begin
	delete from DanhMucUudais
	where Madanhmucuudai = @Madanhmucuudai
end


create proc sp_danhmucuudai_search(@page_index  INT, 
                                       @page_size   INT,
									   @Tendanhmucuudai nvarchar(50))
AS
    BEGIN
        DECLARE @RecordCount BIGINT;
        IF(@page_size <> 0)
            BEGIN
                SET NOCOUNT ON;
                        SELECT(ROW_NUMBER() OVER(
                              ORDER BY a.Madanhmucuudai DESC)) AS RowNumber, 
                              a.*
                        INTO #Temp1
                        FROM DanhMucUudais as a

					    WHERE (@Tendanhmucuudai = '' or a.Tendanhmucuudai like '%'+@Tendanhmucuudai +'%')
						
                        SELECT @RecordCount = COUNT(*)
                        FROM #Temp1;
                        SELECT *, 
                               @RecordCount AS RecordCount
                        FROM #Temp1
                        WHERE ROWNUMBER BETWEEN(@page_index - 1) * @page_size + 1 AND(((@page_index - 1) * @page_size + 1) + @page_size) - 1
                              OR @page_index = -1;
                        DROP TABLE #Temp1; 
            END;
            ELSE
            BEGIN
                SET NOCOUNT ON;
                        SELECT(ROW_NUMBER() OVER(
                              ORDER BY a.Madanhmucuudai DESC)) AS RowNumber, 
                              a.*
                        INTO #Temp2
                        FROM DanhMucUudais as a

					    WHERE (@Tendanhmucuudai = '' or a.Tendanhmucuudai like '%'+@Tendanhmucuudai +'%')
						
                        SELECT @RecordCount = COUNT(*)
                        FROM #Temp2;
                        SELECT *, 
                               @RecordCount AS RecordCount
                        FROM #Temp2
                        DROP TABLE #Temp2; 
        END;
    END;

------------------------------------------------------------------------------------------------
---- DANH MỤC

create proc sp_get_all_danhmuc
as
begin
	select * from DanhMucs
end


Create proc sp_them_danhmuc(
@TenDanhMuc nvarchar(250),@Dacbiet bit,@NoiDung nvarchar(MAX))
as
begin
	insert into DanhMucs(TenDanhMuc,DacBiet,NoiDung)
	values(@TenDanhMuc,@Dacbiet,@NoiDung)
end


create proc sp_sua_danhmuc(@MaDanhMuc int,
@TenDanhMuc nvarchar(250),@Dacbiet bit,@NoiDung nvarchar(MAX))
as
begin
	update DanhMucs
	set TenDanhMuc = @TenDanhMuc, DacBiet = @Dacbiet, NoiDung = @NoiDung
	where MaDanhMuc = @MaDanhMuc
end


create proc sp_xoa_danhmuc(@Madanhmuc int)
as
begin
	delete from DanhMucs
	where MaDanhMuc = @Madanhmuc
end

create proc sp_danhmuc_search(@page_index  INT, 
                                       @page_size   INT,
									   @TenDanhMuc nvarchar(50))
AS
    BEGIN
        DECLARE @RecordCount BIGINT;
        IF(@page_size <> 0)
            BEGIN
                SET NOCOUNT ON;
                        SELECT(ROW_NUMBER() OVER(
                              ORDER BY a.MaDanhMuc DESC)) AS RowNumber, 
                              a.*
                        INTO #Temp1
                        FROM DanhMucs as a

					    WHERE (@TenDanhMuc = '' or a.TenDanhMuc like '%'+@TenDanhMuc +'%')
						
                        SELECT @RecordCount = COUNT(*)
                        FROM #Temp1;
                        SELECT *, 
                               @RecordCount AS RecordCount
                        FROM #Temp1
                        WHERE ROWNUMBER BETWEEN(@page_index - 1) * @page_size + 1 AND(((@page_index - 1) * @page_size + 1) + @page_size) - 1
                              OR @page_index = -1;
                        DROP TABLE #Temp1; 
            END;
            ELSE
            BEGIN
                SET NOCOUNT ON;
                        SELECT(ROW_NUMBER() OVER(
                              ORDER BY a.MaDanhMuc DESC)) AS RowNumber, 
                              a.*
                        INTO #Temp2
                        FROM DanhMucs as a

					    WHERE (@TenDanhMuc = '' or a.TenDanhMuc like '%'+@TenDanhMuc +'%')
						
                        SELECT @RecordCount = COUNT(*)
                        FROM #Temp2;
                        SELECT *, 
                               @RecordCount AS RecordCount
                        FROM #Temp2
                        DROP TABLE #Temp2; 
        END;
    END;

----------------------------------------------------------------------------------------------------
---- NHÀ SẢN XUẤT

create proc sp_get_all_hangsanxuat
as
begin
	select * from HangSanXuats
end

create proc sp_them_hangsanxuat(@TenHang nvarchar(50), @LinkWeb nvarchar(max), @AnhDaiDien nvarchar(50))
as
begin
	insert into HangSanXuats(TenHang,LinkWeb,AnhDaiDien)
	values(@TenHang,@LinkWeb,@AnhDaiDien)
end

create proc sp_sua_hangsanxuat(@MaNhaSanXuat int, @TenHang nvarchar(50), @LinkWeb nvarchar(max), @AnhDaiDien nvarchar(50))
as
begin
	update HangSanXuats
	set TenHang = @TenHang,LinkWeb =@LinkWeb, AnhDaiDien=@AnhDaiDien
	where MaNhaSanXuat = @MaNhaSanXuat
end

create proc sp_xoa_nhasanxuat(@MaNhaSanXuat int)
as
begin
	delete from HangSanXuats
	where MaNhaSanXuat = @MaNhaSanXuat
end

create proc sp_hangsanxuat_search(@page_index  INT, 
                                       @page_size   INT,
									   @TenHang nvarchar(50))
AS
    BEGIN
        DECLARE @RecordCount BIGINT;
        IF(@page_size <> 0)
            BEGIN
                SET NOCOUNT ON;
                        SELECT(ROW_NUMBER() OVER(
                              ORDER BY a.MaNhaSanXuat DESC)) AS RowNumber, 
                              a.*
                        INTO #Temp1
                        FROM HangSanXuats as a

					    WHERE (@TenHang = '' or a.TenHang like '%'+@TenHang +'%')
						
                        SELECT @RecordCount = COUNT(*)
                        FROM #Temp1;
                        SELECT *, 
                               @RecordCount AS RecordCount
                        FROM #Temp1
                        WHERE ROWNUMBER BETWEEN(@page_index - 1) * @page_size + 1 AND(((@page_index - 1) * @page_size + 1) + @page_size) - 1
                              OR @page_index = -1;
                        DROP TABLE #Temp1; 
            END;
            ELSE
            BEGIN
               SET NOCOUNT ON;
                        SELECT(ROW_NUMBER() OVER(
                              ORDER BY a.MaNhaSanXuat DESC)) AS RowNumber, 
                              a.*
                        INTO #Temp2
                        FROM HangSanXuats as a

					    WHERE (@TenHang = '' or a.TenHang like '%'+@TenHang +'%')
						
                        SELECT @RecordCount = COUNT(*)
                        FROM #Temp2;
                        SELECT *, 
                               @RecordCount AS RecordCount
                        FROM #Temp2
                        DROP TABLE #Temp2; 
        END;
    END;

-------------------------------------------------------------------------------------
---- NHÀ PHÂN PHỐI

create proc sp_get_all_nhaphanphoi
as
begin
	select*from NhaPhanPhois
end


create proc sp_them_nhaphanphoi(@TenNhaPhanPhoi nvarchar(250), @DiaChi nvarchar(max), @SoDienThoai nvarchar(50),
@Fax nvarchar(50),@MoTa nvarchar(max))
as
begin
	insert into NhaPhanPhois(TenNhaPhanPhoi,DiaChi,SoDienThoai,Fax,MoTa)
	values(@TenNhaPhanPhoi,@DiaChi,@SoDienThoai,@Fax,@MoTa)
end


create proc sp_sua_nhaphanphoi(@MaNhaPhanPhoi int,@TenNhaPhanPhoi nvarchar(250), @DiaChi nvarchar(max), @SoDienThoai nvarchar(50),
@Fax nvarchar(50),@MoTa nvarchar(max))
as
begin
	update NhaPhanPhois
	set TenNhaPhanPhoi = @TenNhaPhanPhoi, DiaChi =@DiaChi,SoDienThoai =@SoDienThoai,Fax=@Fax, MoTa = @MoTa
	where MaNhaPhanPhoi = @MaNhaPhanPhoi
end


create proc sp_xoa_nhaphanphoi(@MaNhaPhanPhoi int)
as
begin
	delete from NhaPhanPhois
	where MaNhaPhanPhoi = @MaNhaPhanPhoi
end


create proc sp_nhaphanphoi_search(@page_index  INT, 
                                       @page_size   INT,
									   @TenNhaPhanPhoi nvarchar(250))
AS
    BEGIN
        DECLARE @RecordCount BIGINT;
        IF(@page_size <> 0)
            BEGIN
                SET NOCOUNT ON;
                        SELECT(ROW_NUMBER() OVER(
                              ORDER BY a.MaNhaPhanPhoi DESC)) AS RowNumber, 
                              a.*
                        INTO #Temp1
                        FROM NhaPhanPhois as a

					    WHERE (@TenNhaPhanPhoi = '' or a.TenNhaPhanPhoi like '%'+@TenNhaPhanPhoi +'%')
						
                        SELECT @RecordCount = COUNT(*)
                        FROM #Temp1;
                        SELECT *, 
                               @RecordCount AS RecordCount
                        FROM #Temp1
                        WHERE ROWNUMBER BETWEEN(@page_index - 1) * @page_size + 1 AND(((@page_index - 1) * @page_size + 1) + @page_size) - 1
                              OR @page_index = -1;
                        DROP TABLE #Temp1; 
            END;
            ELSE
            BEGIN
               SET NOCOUNT ON;
                        SELECT(ROW_NUMBER() OVER(
                              ORDER BY a.MaNhaPhanPhoi DESC)) AS RowNumber, 
                              a.*
                        INTO #Temp2
                        FROM NhaPhanPhois as a

					    WHERE (@TenNhaPhanPhoi = '' or a.TenNhaPhanPhoi like '%'+@TenNhaPhanPhoi +'%')
						
                        SELECT @RecordCount = COUNT(*)
                        FROM #Temp2;
                        SELECT *, 
                               @RecordCount AS RecordCount
                        FROM #Temp2
                        DROP TABLE #Temp2; 
        END;
    END;

-------------------------------------------------------------------------------------------------------------------------------
---- SẢN PHẨM

create proc sp_get_sanpham_id(@MaSanPham int)
as
begin
	Select s.MaSanPham,
							  dm.MaDanhMuc,
							  dm.TenDanhMuc,
							  dmu.Madanhmucuudai,
							  dmu.Tendanhmucuudai,
							  s.TenSanPham,
							  s.AnhDaiDien,
							  s.Gia,
							  s.GiaGiam,
							  s.SoLuong,
							  s.TrongLuong,
							  s.TrangThai,
							  s.LuotXem,
							  h.MaNhaSanXuat,
							  h.TenHang,
							  npp.MaNhaPhanPhoi,
							  npp.TenNhaPhanPhoi,
							  c.MoTa,
							  c.ChiTiet
                        FROM SanPhams AS s
						inner join ChiTietSanPhams c on c.MaSanPham = s.MaSanPham
						inner join HangSanXuats h on h.MaNhaSanXuat = c.MaNhaSanXuat
						inner join SanPhams_NhaPhanPhois sp on sp.MaSanPham = s.MaSanPham
						inner join NhaPhanPhois npp on npp.MaNhaPhanPhoi = sp.MaNhaPhanPhoi
						inner join DanhMucs dm on dm.MaDanhMuc = s.MaDanhMuc
						inner join DanhMucUudais dmu on dmu.Madanhmucuudai = s.Madanhmucuudai
	where s.MaSanPham = @MaSanPham
end


create proc sp_create_sanpham(
@MaDanhMuc int,
@Madanhmucuudai int,
@TenSanPham nvarchar(150),
@AnhDaiDien nvarchar(150),
@Gia decimal(18, 0),
@GiaGiam decimal(18, 0),
@SoLuong int,
@TrongLuong nvarchar(100),
@TrangThai bit,
@LuotXem int,
@list_json_chitiet_sanpham NVARCHAR(MAX),
@list_json_sanpham_nhaphanphoi NVARCHAR(MAX),
@list_json_anhsanpham NVARCHAR(MAX)
)
as
BEGIN
		DECLARE @MaSanPham INT;
		BEGIN
			INSERT INTO SanPhams
					(MaDanhMuc, 
					 Madanhmucuudai, 
					 TenSanPham,
					 AnhDaiDien,
					 Gia,
					 GiaGiam,
					 SoLuong,
					 TrongLuong,
					 TrangThai,
					 LuotXem
					)
					VALUES
					(@MaDanhMuc, 
					 @Madanhmucuudai, 
					 @TenSanPham,
					 @AnhDaiDien,
					 @Gia,
					 @GiaGiam,
					 @SoLuong,
					 @TrongLuong,
					 @TrangThai,
					 @LuotXem
					);

					SET @MaSanPham = (SELECT SCOPE_IDENTITY());
					IF(@list_json_chitiet_sanpham IS NOT NULL)
						BEGIN
							INSERT INTO ChiTietSanPhams
							 (
							 MaSanPham,
							 MaNhaSanXuat,
							 MoTa,
							 ChiTiet)
						SELECT	@MaSanPham,
								JSON_VALUE(y.value, '$.maNhaSanXuat') ,
								JSON_VALUE(y.value, '$.moTa') ,
								JSON_VALUE(y.value, '$.chiTiet') 
						FROM OPENJSON(@list_json_chitiet_sanpham) AS y;
						END;

					IF(@list_json_sanpham_nhaphanphoi IS NOT NULL)
						BEGIN
							INSERT INTO SanPhams_NhaPhanPhois
							 (
							 MaSanPham,
							 MaNhaPhanPhoi)
						SELECT	@MaSanPham,
								JSON_VALUE(z.value, '$.maNhaPhanPhoi')
						FROM OPENJSON(@list_json_sanpham_nhaphanphoi) AS z;
						END;

					IF(@list_json_anhsanpham IS NOT NULL)
						BEGIN
							INSERT INTO AnhSanPhams
							 (
							 MaSanPham,
							 LinkAnh)
						SELECT	@MaSanPham,
								JSON_VALUE(z.value, '$.linkAnh')
						FROM OPENJSON(@list_json_anhsanpham) AS z;
						END;

			END


        SELECT '';
    END;


create proc sp_update_sanpham(
@MaSanPham int,
@MaDanhMuc int,
@Madanhmucuudai int,
@TenSanPham nvarchar(150),
@AnhDaiDien nvarchar(150),
@Gia decimal(18, 0),
@GiaGiam decimal(18, 0),
@SoLuong int,
@TrongLuong nvarchar(100),
@TrangThai bit,
@LuotXem int,
@list_json_chitiet_sanpham NVARCHAR(MAX),
@list_json_sanpham_nhaphanphoi NVARCHAR(MAX),
@list_json_anhsanpham NVARCHAR(MAX)
)
as
BEGIN
		update SanPhams
		set MaDanhMuc = @MaDanhMuc,
			Madanhmucuudai = @Madanhmucuudai,
			TenSanPham = @TenSanPham,
			AnhDaiDien = @AnhDaiDien,
			Gia = @Gia,
			GiaGiam = @GiaGiam,
			SoLuong = @SoLuong,
			TrongLuong = @TrongLuong,
			TrangThai = @TrangThai,
			LuotXem = @LuotXem
		where MaSanPham =@MaSanPham
		
					IF(@list_json_chitiet_sanpham IS NOT NULL)
						BEGIN
							SELECT JSON_VALUE(p.value, '$.maChiTietSanPham') as MaChiTietSanPham,
								JSON_VALUE(p.value, '$.maSanPham') as MaSanPham, 
								JSON_VALUE(p.value, '$.maNhaSanXuat') as MaNhaSanXuat,
								JSON_VALUE(p.value, '$.moTa') as MoTa,
								JSON_VALUE(p.value, '$.chiTiet')as ChiTiet,
								JSON_VALUE(p.value, '$.status') as Status
								INTO #Result
							FROM OPENJSON(@list_json_chitiet_sanpham) AS p;

							--insert status =1
							Insert into ChiTietSanPhams(MaSanPham,MaNhaSanXuat,MoTa,ChiTiet)
							select @MaSanPham,
									#Result.maNhaSanXuat,
									#Result.moTa,
									#Result.chiTiet
							from #Result
							where #Result.Status = 1

							--update status =2 
							Update ChiTietSanPhams
							set MaNhaSanXuat= #Result.maNhaSanXuat,
								MoTa = #Result.moTa,
								ChiTiet = #Result.chiTiet
							from #Result
							where ChiTietSanPhams.MaChiTietSanPham=#Result.maChiTietSanPham and #Result.status = '2'

							--delete status =3
							delete c 
							from ChiTietSanPhams c
							inner join #Result r on c.maChiTietSanPham = r.maChiTietSanPham
							where r.status = '3'
							drop table #Result
						END;

						IF(@list_json_sanpham_nhaphanphoi IS NOT NULL)
						BEGIN
							SELECT JSON_VALUE(p.value, '$.maSanPham') as maSanPham, 
								JSON_VALUE(p.value, '$.maNhaPhanPhoi') as maNhaPhanPhoi,
								JSON_VALUE(p.value, '$.status') as Status
								INTO #Result1
							FROM OPENJSON(@list_json_sanpham_nhaphanphoi) AS p;

							--insert status =1
							--Insert into SanPhams_NhaPhanPhois(MaSanPham,MaNhaPhanPhoi)
							--select @MaSanPham,
							--		#Result1.maNhaPhanPhoi
							--from #Result1
							--where #Result1.Status = 1

							--update status =2 
							Update SanPhams_NhaPhanPhois
							set 
								MaNhaPhanPhoi = #Result1.maNhaPhanPhoi
							from #Result1
							where SanPhams_NhaPhanPhois.MaSanPham=#Result1.maSanPham and #Result1.status = '2'

							--delete status =3
							delete c 
							from SanPhams_NhaPhanPhois c
							inner join #Result1 r on c.MaSanPham = r.maSanPham
							where r.status = '3'
							drop table #Result1
						END;

						IF(@list_json_anhsanpham IS NOT NULL)
						BEGIN
							SELECT JSON_VALUE(p.value, '$.maSanPham') as maSanPham, 
							    JSON_VALUE(p.value, '$.id') as id, 
								JSON_VALUE(p.value, '$.linkAnh') as linkAnh,
								JSON_VALUE(p.value, '$.status') as Status
								INTO #Result2
							FROM OPENJSON(@list_json_anhsanpham) AS p;

							--insert status =1
							Insert into AnhSanPhams(MaSanPham,LinkAnh)
							select @MaSanPham,
									#Result2.linkAnh
							from #Result2
							where #Result2.Status = 1

							--update status =2 
							Update AnhSanPhams
							set 
								LinkAnh = #Result2.linkAnh
							from #Result2
							where AnhSanPhams.Id=#Result2.id and #Result2.status = '2'

							--delete status =3
							delete c 
							from AnhSanPhams c
							inner join #Result2 r on c.Id = r.id
							where r.status = '3'
							drop table #Result2

						END;
			


        SELECT '';
    END;


create proc sp_xoa_sanpham(@MaSanPham int)
as
begin
	delete from SanPhams
	where MaSanPham = @MaSanPham
end


create proc sp_sanpham_search(@page_index  INT, 
                                       @page_size   INT,
									   @TenSanPham nvarchar(150),
									   @TenDanhMuc nvarchar(50),
									   @Tendanhmucuudai nvarchar(250),
									   @Gia decimal(18, 0),
									   @TenHang nvarchar(50),
									   @TenNhaPhanPhoi nvarchar(250))
AS
    BEGIN
        DECLARE @RecordCount BIGINT;
        IF(@page_size <> 0)
            BEGIN
                SET NOCOUNT ON;
                        SELECT(ROW_NUMBER() OVER(
                              ORDER BY s.MaSanPham DESC)) AS RowNumber, 
                              s.MaSanPham,
							  dm.MaDanhMuc,
							  dm.TenDanhMuc,
							  dmu.Madanhmucuudai,
							  dmu.Tendanhmucuudai,
							  s.TenSanPham,
							  s.AnhDaiDien,
							  s.Gia,
							  s.GiaGiam,
							  s.SoLuong,
							  s.TrongLuong,
							  s.TrangThai,
							  s.LuotXem,
							  h.MaNhaSanXuat,
							  h.TenHang,
							  npp.MaNhaPhanPhoi,
							  npp.TenNhaPhanPhoi,
							  c.MoTa,
							  c.ChiTiet,
							  c.MaChiTietSanPham
                        INTO #Temp1
                        FROM SanPhams AS s
						inner join ChiTietSanPhams c on c.MaSanPham = s.MaSanPham
						inner join HangSanXuats h on h.MaNhaSanXuat = c.MaNhaSanXuat
						inner join SanPhams_NhaPhanPhois sp on sp.MaSanPham = s.MaSanPham
						inner join NhaPhanPhois npp on npp.MaNhaPhanPhoi = sp.MaNhaPhanPhoi
						inner join DanhMucs dm on dm.MaDanhMuc = s.MaDanhMuc
						inner join DanhMucUudais dmu on dmu.Madanhmucuudai = s.Madanhmucuudai

					    WHERE (@TenSanPham = '' or s.TenSanPham like '%'+@TenSanPham +'%')
							and (@TenDanhMuc = '' or dm.TenDanhMuc like '%'+@TenDanhMuc +'%')
							and (@Tendanhmucuudai = '' or dmu.Tendanhmucuudai like '%'+@Tendanhmucuudai +'%')
							and (@Gia = 0 or s.Gia = @Gia)
							and (@TenHang = '' or h.TenHang like '%'+@TenHang +'%')
							and (@TenNhaPhanPhoi = '' or npp.TenNhaPhanPhoi like '%'+@TenNhaPhanPhoi +'%')
						
                        SELECT @RecordCount = COUNT(*)
                        FROM #Temp1;
                        SELECT *, 
                               @RecordCount AS RecordCount
                        FROM #Temp1
                        WHERE ROWNUMBER BETWEEN(@page_index - 1) * @page_size + 1 AND(((@page_index - 1) * @page_size + 1) + @page_size) - 1
                              OR @page_index = -1;
                        DROP TABLE #Temp1; 
            END;
            ELSE
            BEGIN
                SET NOCOUNT ON;
                        SELECT(ROW_NUMBER() OVER(
                              ORDER BY s.MaSanPham DESC)) AS RowNumber, 
                              s.MaSanPham,
							  dm.MaDanhMuc,
							  dm.TenDanhMuc,
							  dmu.Madanhmucuudai,
							  dmu.Tendanhmucuudai,
							  s.TenSanPham,
							  s.AnhDaiDien,
							  s.Gia,
							  s.GiaGiam,
							  s.SoLuong,
							  s.TrongLuong,
							  s.TrangThai,
							  s.LuotXem,
							  h.MaNhaSanXuat,
							  h.TenHang,
							  npp.MaNhaPhanPhoi,
							  npp.TenNhaPhanPhoi,
							  c.MoTa,
							  c.ChiTiet,
							  c.MaChiTietSanPham
                        INTO #Temp2
                        FROM SanPhams AS s
						inner join ChiTietSanPhams c on c.MaSanPham = s.MaSanPham
						inner join HangSanXuats h on h.MaNhaSanXuat = c.MaNhaSanXuat
						inner join SanPhams_NhaPhanPhois sp on sp.MaSanPham = s.MaSanPham
						inner join NhaPhanPhois npp on npp.MaNhaPhanPhoi = sp.MaNhaPhanPhoi
						inner join DanhMucs dm on dm.MaDanhMuc = s.MaDanhMuc
						inner join DanhMucUudais dmu on dmu.Madanhmucuudai = s.Madanhmucuudai

					    WHERE (@TenSanPham = '' or s.TenSanPham like '%'+@TenSanPham +'%')
							and (@TenDanhMuc = '' or dm.TenDanhMuc like '%'+@TenDanhMuc +'%')
							and (@Tendanhmucuudai = '' or dmu.Tendanhmucuudai like '%'+@Tendanhmucuudai +'%')
							and (@Gia = 0 or s.Gia = @Gia)
							and (@TenHang = '' or h.TenHang like '%'+@TenHang +'%')
							and (@TenNhaPhanPhoi = '' or npp.TenNhaPhanPhoi like '%'+@TenNhaPhanPhoi +'%')

                        SELECT @RecordCount = COUNT(*)
                        FROM #Temp2;
                        SELECT *, 
                               @RecordCount AS RecordCount
                        FROM #Temp2
                        DROP TABLE #Temp2; 
        END;
    END;


exec sp_sanpham_search @page_index = 1, @page_size = 10, @TenSanPham = N'',@TenDanhMuc=N''
,@Tendanhmucuudai=N'',@Gia=0,@TenHang=N'',@TenNhaPhanPhoi=N''


-------------------------------------------------------------------------------------------------------------------------------
---- HOÁ ĐƠN

create proc sp_create_hoadon(
@TrangThai bit,
@NgayTao datetime,
@NgayDuyet datetime,
@TongGia decimal(18,0),
@TenKH nvarchar(50),
@GioiTinh bit,
@Diachi nvarchar(250),
@Email nvarchar(50),
@SDT nvarchar(50),
@DiaChiGiaoHang nvarchar(350),
@ThoiGianGiaoHang datetime,
@list_json_chitiet_hoadon NVARCHAR(MAX)
)
as
BEGIN
		DECLARE @MaHoaDon INT;
		BEGIN
			INSERT INTO HoaDons
					(TrangThai,
					NgayTao ,
					NgayDuyet ,
					TongGia ,
					TenKH ,
					GioiTinh ,
					Diachi ,
					Email ,
					SDT ,
					DiaChiGiaoHang,
					ThoiGianGiaoHang
					)
					VALUES
					(@TrangThai,
					@NgayTao ,
					@NgayDuyet ,
					@TongGia ,
					@TenKH ,
					@GioiTinh ,
					@Diachi ,
					@Email ,
					@SDT ,
					@DiaChiGiaoHang,
					@ThoiGianGiaoHang
					);

					SET @MaHoaDon = (SELECT SCOPE_IDENTITY());
					IF(@list_json_chitiet_hoadon IS NOT NULL)
						BEGIN
							INSERT INTO ChiTietHoaDons
							 (
							 MaHoaDon,
							 MaSanPham,
							 SoLuong,
							 TongGia)
							 
						SELECT	@MaHoaDon,
								JSON_VALUE(y.value, '$.maSanPham') ,
								JSON_VALUE(y.value, '$.soLuong') ,
								JSON_VALUE(y.value, '$.tongGia') 
						FROM OPENJSON(@list_json_chitiet_hoadon) AS y;
						END;
			END


        SELECT '';
    END;


create proc sp_update_hoadon(
@MaHoaDon int,
@TrangThai bit,
@NgayTao datetime,
@NgayDuyet datetime,
@TongGia decimal(18,0),
@TenKH nvarchar(50),
@GioiTinh bit,
@Diachi nvarchar(250),
@Email nvarchar(50),
@SDT nvarchar(50),
@DiaChiGiaoHang nvarchar(350),
@ThoiGianGiaoHang datetime,
@list_json_chitiet_hoadon NVARCHAR(MAX)
)
as
BEGIN
		update HoaDons
		set TrangThai = @TrangThai,
			NgayTao = @NgayTao ,
			NgayDuyet = NgayDuyet ,
			TongGia = @TongGia ,
			TenKH = @TenKH,
			GioiTinh = @GioiTinh ,
			Diachi = @Diachi,
			Email = @Email,
			SDT = @SDT,
			DiaChiGiaoHang = @DiaChiGiaoHang,
			ThoiGianGiaoHang = @ThoiGianGiaoHang
					
		where MaHoaDon =@MaHoaDon
		
					IF(@list_json_chitiet_hoadon IS NOT NULL)
						BEGIN
							SELECT JSON_VALUE(p.value, '$.maChiTietHoaDon') as maChiTietHoaDon,
								JSON_VALUE(p.value, '$.maHoaDon') as MaHoaDon, 
								JSON_VALUE(p.value, '$.maSanPham') as MaSanPham,
								JSON_VALUE(p.value, '$.soLuong') as soLuong,
								JSON_VALUE(p.value, '$.tongGia')as tongGia,
								JSON_VALUE(p.value, '$.status') as status
								INTO #Result
							FROM OPENJSON(@list_json_chitiet_hoadon) AS p;

							--insert status =1
							Insert into ChiTietHoaDons(MaHoaDon,MaSanPham,SoLuong,TongGia)
							select @MaHoaDon,
									#Result.maSanPham,
									#Result.soLuong,
									#Result.tongGia
							from #Result
							where #Result.Status = 1

							--update status =2 
							Update ChiTietHoaDons
							set MaSanPham= #Result.MaSanPham,
								SoLuong = #Result.soLuong,
								TongGia = #Result.tongGia
							from #Result
							where ChiTietHoaDons.MaChiTietHoaDon=#Result.maChiTietHoaDon and #Result.status = '2'

							--delete status =3
							delete c 
							from ChiTietHoaDons c
							inner join #Result r on c.maChiTietHoaDon = r.maChiTietHoaDon
							where r.status = '3'
							drop table #Result

						END;
			


        SELECT '';
    END;


create proc sp_delete_hoadon(@MaHoaDon int)
as
begin
	delete from HoaDons
	where MaHoaDon = @MaHoaDon
end
	

create proc sp_hoadon_search(@page_index  INT, 
                                       @page_size   INT,
									   @TenKH Nvarchar(50),
									   @TenSanPham nvarchar(150),
									   @fr_NgayTao datetime,
									   @to_NgayTao datetime)
AS
    BEGIN
        DECLARE @RecordCount BIGINT;
        IF(@page_size <> 0)
            BEGIN
                SET NOCOUNT ON;
                        SELECT(ROW_NUMBER() OVER(
                              ORDER BY h.MaHoaDon DESC)) AS RowNumber, 
							  h.MaHoaDon,
							  h.NgayTao,
							  h.NgayDuyet,
							  h.TenKH,
							  h.SDT,
							  h.DiaChiGiaoHang,
                              s.TenSanPham,
							  c.SoLuong,
							  c.TongGia
                        INTO #Results
                        FROM HoaDons AS h
						inner join ChiTietHoaDons c on c.MaHoaDon = h.MaHoaDon
						inner join SanPhams s on s.MaSanPham = c.MaSanPham
					    WHERE (@TenKH = '' or h.TenKH like N'%'+@TenKH +'%')
						and   (@TenSanPham = '' or s.TenSanPham like N'%'+@TenSanPham +'%')
						and ((@fr_NgayTao is null and @to_NgayTao is null 
								or (@fr_NgayTao is not null
								and @to_NgayTao is null and
								h.NgayTao >= @fr_NgayTao)
								or @fr_NgayTao is null and @to_NgayTao is not null 
								and h.NgayTao < @to_NgayTao
								or h.NgayTao between @fr_NgayTao and @to_NgayTao))
                        SELECT @RecordCount = COUNT(*)
                        FROM #Results;
                        SELECT *, 
                               @RecordCount AS RecordCount
                        FROM #Results
                        WHERE ROWNUMBER BETWEEN(@page_index - 1) * @page_size + 1 AND(((@page_index - 1) * @page_size + 1) + @page_size) - 1
                              OR @page_index = -1;
                        DROP TABLE #Results; 
            END;
            ELSE
            BEGIN
                SET NOCOUNT ON;
                        SELECT(ROW_NUMBER() OVER(
                              ORDER BY h.MaHoaDon DESC)) AS RowNumber, 
							  h.MaHoaDon,
							  h.NgayTao,
							  h.NgayDuyet,
							  h.TenKH,
							  h.SDT,
							  h.DiaChiGiaoHang,
                              s.TenSanPham,
							  c.SoLuong,
							  c.TongGia
                        INTO #Results2
                        FROM HoaDons AS h
						inner join ChiTietHoaDons c on c.MaHoaDon = h.MaHoaDon
						inner join SanPhams s on s.MaSanPham = c.MaSanPham
					    WHERE (@TenKH = '' or h.TenKH like N'%'+@TenKH +'%')
						and   (@TenSanPham = '' or s.TenSanPham like N'%'+@TenSanPham +'%')
						and ((@fr_NgayTao is null and @to_NgayTao is null 
								or (@fr_NgayTao is not null
								and @to_NgayTao is null and
								h.NgayTao >= @fr_NgayTao)
								or @fr_NgayTao is null and @to_NgayTao is not null 
								and h.NgayTao < @to_NgayTao
								or h.NgayTao between @fr_NgayTao and @to_NgayTao))
                        SELECT @RecordCount = COUNT(*)
                        FROM #Results2;
                        SELECT *, 
                               @RecordCount AS RecordCount
                        FROM #Results2
                        DROP TABLE #Results2; 
        END;
    END;

exec sp_hoadon_search @page_index = 1, @page_size = 5, @TenKH = N'', @TenSanPham = '', @fr_NgayTao ='',@to_NgayTao=''

-------------------------------------------------------------------------------------------------------------------------------
---- HOÁ ĐƠN NHẬP

create proc sp_create_hoadon_nhap(
@MaNhaPhanPhoi bit,
@NgayTao datetime,
@KieuThanhToan nvarchar(MAX),
@MaTaiKhoan int,
@list_json_chitiethoadonnhap NVARCHAR(MAX)
)
as
BEGIN
		DECLARE @MaHoaDon INT;
		BEGIN
			INSERT INTO HoaDonNhaps
					(MaNhaPhanPhoi,
					NgayTao ,
					KieuThanhToan ,
					MaTaiKhoan
					)
					VALUES
					(@MaNhaPhanPhoi,
					@NgayTao ,
					@KieuThanhToan ,
					@MaTaiKhoan
					);

					SET @MaHoaDon = (SELECT SCOPE_IDENTITY());
					IF(@list_json_chitiethoadonnhap IS NOT NULL)
						BEGIN
							INSERT INTO ChiTietHoaDonNhaps
							 (
							 MaHoaDon,
							 MaSanPham,
							 SoLuong,
							 DonViTinh,
							 GiaNhap,
							 TongTien)
							 
						SELECT	@MaHoaDon,
								JSON_VALUE(y.value, '$.maSanPham') ,
								JSON_VALUE(y.value, '$.soLuong') ,
								JSON_VALUE(y.value, '$.donViTinh') ,
								JSON_VALUE(y.value, '$.giaNhap') ,
								JSON_VALUE(y.value, '$.tongTien') 
						FROM OPENJSON(@list_json_chitiethoadonnhap) AS y;
						END;
			END


        SELECT '';
    END;


create proc sp_update_hoadon_nhap(
@MaHoaDon int,
@MaNhaPhanPhoi int,
@NgayTao datetime,
@KieuThanhToan nvarchar(MAX),
@MaTaiKhoan int,
@list_json_chitiethoadonnhap NVARCHAR(MAX)
)
as
BEGIN
		update HoaDonNhaps
		set MaNhaPhanPhoi = @MaNhaPhanPhoi,
			NgayTao = @NgayTao ,
			KieuThanhToan = @KieuThanhToan ,
			MaTaiKhoan = @MaTaiKhoan 
					
		where MaHoaDon =@MaHoaDon
		
					IF(@list_json_chitiethoadonnhap IS NOT NULL)
						BEGIN
							SELECT JSON_VALUE(p.value, '$.id') as Id,
								JSON_VALUE(p.value, '$.maHoaDon') as MaHoaDon, 
								JSON_VALUE(p.value, '$.maSanPham') as MaSanPham,
								JSON_VALUE(p.value, '$.soLuong') as SoLuong,
								JSON_VALUE(p.value, '$.donViTinh')as DonViTinh,
								JSON_VALUE(p.value, '$.giaNhap') as GiaNhap,
								JSON_VALUE(p.value, '$.tongTien') as TongTien,
								JSON_VALUE(p.value, '$.status') as status
								INTO #Result
							FROM OPENJSON(@list_json_chitiethoadonnhap) AS p;

							--insert status =1
							Insert into ChiTietHoaDonNhaps(
										 MaHoaDon,
										 MaSanPham,
										 SoLuong,
										 DonViTinh,
										 GiaNhap,
										 TongTien)
							select @MaHoaDon,
									#Result.MaSanPham,
									#Result.SoLuong,
									#Result.DonViTinh,
									#Result.GiaNhap,
									#Result.TongTien
							from #Result
							where #Result.Status = 1

							--update status =2 
							Update ChiTietHoaDonNhaps
							set MaSanPham= #Result.MaSanPham,
								SoLuong = #Result.SoLuong,
								DonViTinh = #Result.DonViTinh,
								GiaNhap = #Result.GiaNhap,
								TongTien = #Result.TongTien
							from #Result
							where ChiTietHoaDonNhaps.Id=#Result.Id and #Result.status = 2

							--delete status =3
							delete c 
							from ChiTietHoaDonNhaps c
							inner join #Result r on c.Id = r.Id
							where r.status = 3
							drop table #Result

						END;
			


        SELECT '';
    END;


create proc sp_delete_hoadon_nhap(@MaHoaDon int)
as
begin
	delete from HoaDonNhaps
	where MaHoaDon = @MaHoaDon
end


create proc sp_thongketheongay_hoadonnhap_search(@page_index  INT, 
                                       @page_size   INT,
									   @TenSanPham nvarchar(150),
									   @TenNhaPhanPhoi nvarchar(250),
									   @NgayTao datetime)
AS
    BEGIN
        DECLARE @RecordCount BIGINT;
        IF(@page_size <> 0)
            BEGIN
                SET NOCOUNT ON;
                        SELECT(ROW_NUMBER() OVER(
                              ORDER BY h.MaHoaDon DESC)) AS RowNumber, 
							  h.MaHoaDon,
                              s.MaSanPham,
							  npp.TenNhaPhanPhoi,
							  s.TenSanPham,
							  c.SoLuong,
							  c.DonViTinh,
							  c.GiaNhap,
							  c.TongTien,
							  h.NgayTao,
							  h.KieuThanhToan,
							  h.MaTaiKhoan
                        INTO #Results
                        FROM HoaDonNhaps AS h
						inner join ChiTietHoaDonNhaps c on c.MaHoaDon = h.MaHoaDon
						inner join SanPhams s on s.MaSanPham = c.MaSanPham
						inner join NhaPhanPhois npp on npp.MaNhaPhanPhoi = h.MaNhaPhanPhoi
					    WHERE 
							(@TenSanPham = '' OR s.TenSanPham LIKE N'%' + @TenSanPham + '%')
							and (@TenNhaPhanPhoi = '' OR npp.TenNhaPhanPhoi LIKE N'%' + @TenNhaPhanPhoi + '%')
							AND (@NgayTao IS NULL OR h.NgayTao < @NgayTao);
                        SELECT @RecordCount = COUNT(*)
                        FROM #Results;
                        SELECT *, 
                               @RecordCount AS RecordCount
                        FROM #Results
                        WHERE ROWNUMBER BETWEEN(@page_index - 1) * @page_size + 1 AND(((@page_index - 1) * @page_size + 1) + @page_size) - 1
                              OR @page_index = -1;
                        DROP TABLE #Results; 
            END;
            ELSE
            BEGIN
                SET NOCOUNT ON;
                        SELECT(ROW_NUMBER() OVER(
                              ORDER BY h.MaHoaDon DESC)) AS RowNumber, 
							  h.MaHoaDon,
                              s.MaSanPham,
							  npp.TenNhaPhanPhoi,
							  s.TenSanPham,
							  c.SoLuong,
							  c.DonViTinh,
							  c.GiaNhap,
							  c.TongTien,
							  h.NgayTao,
							  h.KieuThanhToan,
							  h.MaTaiKhoan
                        INTO #Results2
                        FROM HoaDonNhaps AS h
						inner join ChiTietHoaDonNhaps c on c.MaHoaDon = h.MaHoaDon
						inner join SanPhams s on s.MaSanPham = c.MaSanPham
						inner join NhaPhanPhois npp on npp.MaNhaPhanPhoi = h.MaNhaPhanPhoi
					    WHERE 
							(@TenSanPham = '' OR s.TenSanPham LIKE N'%' + @TenSanPham + '%')
							and (@TenNhaPhanPhoi = '' OR npp.TenNhaPhanPhoi LIKE N'%' + @TenNhaPhanPhoi + '%')
							AND (@NgayTao IS NULL OR h.NgayTao < @NgayTao);
                        SELECT @RecordCount = COUNT(*)
                        FROM #Results2;
                        SELECT *, 
                               @RecordCount AS RecordCount
                        FROM #Results2
                        DROP TABLE #Results2; 
		END

    END;

exec sp_thongketheongay_hoadonnhap_search @page_index = 1, @page_size = 5, @TenSanPham = N'', @NgayTao = '',@TenNhaPhanPhoi=''